{
    "news": [
        {
            "thumburl": "./images/thumb/The City of the Future.jpg",
            "title": "The City of the Future",
            "shortnews": "A mix of digital and physical speakers came together in Gothenburg and online to talk about how we can make cities better.",
            "datetime": "9 December 2021",
            "link": "new-1",
            "content": "Slider 1"
        },
        {
            "thumburl": "./images/thumb/The City of the Future.jpg",
            "title": "The City of the Future",
            "shortnews": "A mix of digital and physical speakers came together in Gothenburg and online to talk about how we can make cities better.",
            "datetime": "9 December 2021",
            "link": "new-2",
            "content": "Slider 1"
        },
        {
            "thumburl": "./images/thumb/The City of the Future.jpg",
            "title": "The City of the Future",
            "shortnews": "A mix of digital and physical speakers came together in Gothenburg and online to talk about how we can make cities better.",
            "datetime": "9 December 2021",
            "link": "new-3",
            "content": "Slider 1"
        },
        {
            "thumburl": "./images/thumb/The City of the Future.jpg",
            "title": "The City of the Future",
            "shortnews": "A mix of digital and physical speakers came together in Gothenburg and online to talk about how we can make cities better.",
            "datetime": "9 December 2021",
            "link": "new-4",
            "content": "Slider 1"
        },
        {
            "thumburl": "./images/thumb/The City of the Future.jpg",
            "title": "The City of the Future",
            "shortnews": "A mix of digital and physical speakers came together in Gothenburg and online to talk about how we can make cities better.",
            "datetime": "9 December 2021",
            "link": "new-5",
            "content": "Slider 1"
        },
        {
            "thumburl": "./images/thumb/The City of the Future.jpg",
            "title": "The City of the Future",
            "shortnews": "A mix of digital and physical speakers came together in Gothenburg and online to talk about how we can make cities better.",
            "datetime": "9 December 2021",
            "link": "new-6",
            "content": "Slider 1"
        },
        {
            "thumburl": "./images/thumb/The City of the Future.jpg",
            "title": "The City of the Future",
            "shortnews": "A mix of digital and physical speakers came together in Gothenburg and online to talk about how we can make cities better.",
            "datetime": "9 December 2021",
            "link": "new-7",
            "content": "Slider 1"
        },
        {
            "thumburl": "./images/thumb/The City of the Future.jpg",
            "title": "The City of the Future",
            "shortnews": "A mix of digital and physical speakers came together in Gothenburg and online to talk about how we can make cities better.",
            "datetime": "9 December 2021",
            "link": "new-8",
            "content": "Slider 1"
        },
        {
            "thumburl": "./images/thumb/The City of the Future.jpg",
            "title": "The City of the Future",
            "shortnews": "A mix of digital and physical speakers came together in Gothenburg and online to talk about how we can make cities better.",
            "datetime": "9 December 2021",
            "link": "new-9",
            "content": "Slider 1"
        },
        {
            "thumburl": "./images/thumb/The City of the Future.jpg",
            "title": "The City of the Future",
            "shortnews": "A mix of digital and physical speakers came together in Gothenburg and online to talk about how we can make cities better.",
            "datetime": "9 December 2021",
            "link": "new-10",
            "content": "Slider 1"
        },
        {
            "thumburl": "./images/thumb/The City of the Future.jpg",
            "title": "The City of the Future",
            "shortnews": "A mix of digital and physical speakers came together in Gothenburg and online to talk about how we can make cities better.",
            "datetime": "9 December 2021",
            "link": "new-11",
            "content": "Slider 1"
        },
        {
            "thumburl": "./images/thumb/The City of the Future.jpg",
            "title": "The City of the Future",
            "shortnews": "A mix of digital and physical speakers came together in Gothenburg and online to talk about how we can make cities better.",
            "datetime": "9 December 2021",
            "link": "new-12",
            "content": "Slider 1"
        },
        {
            "thumburl": "./images/thumb/The City of the Future.jpg",
            "title": "The City of the Future",
            "shortnews": "A mix of digital and physical speakers came together in Gothenburg and online to talk about how we can make cities better.",
            "datetime": "9 December 2021",
            "link": "new-13",
            "content": "Slider 1"
        },
        {
            "thumburl": "./images/thumb/The City of the Future.jpg",
            "title": "The City of the Future",
            "shortnews": "A mix of digital and physical speakers came together in Gothenburg and online to talk about how we can make cities better.",
            "datetime": "9 December 2021",
            "link": "new-14",
            "content": "Slider 1"
        },
        {
            "thumburl": "./images/thumb/The City of the Future.jpg",
            "title": "The City of the Future",
            "shortnews": "A mix of digital and physical speakers came together in Gothenburg and online to talk about how we can make cities better.",
            "datetime": "9 December 2021",
            "link": "new-15",
            "content": "Slider 1"
        },
        {
            "thumburl": "./images/thumb/The City of the Future.jpg",
            "title": "The City of the Future",
            "shortnews": "A mix of digital and physical speakers came together in Gothenburg and online to talk about how we can make cities better.",
            "datetime": "9 December 2021",
            "link": "new-16",
            "content": "Slider 1"
        },
        {
            "thumburl": "./images/thumb/The City of the Future.jpg",
            "title": "The City of the Future",
            "shortnews": "A mix of digital and physical speakers came together in Gothenburg and online to talk about how we can make cities better.",
            "datetime": "9 December 2021",
            "link": "new-17",
            "content": "Slider 1"
        },
        {
            "thumburl": "./images/thumb/The City of the Future.jpg",
            "title": "The City of the Future",
            "shortnews": "A mix of digital and physical speakers came together in Gothenburg and online to talk about how we can make cities better.",
            "datetime": "9 December 2021",
            "link": "new-18",
            "content": "Slider 1"
        },
        {
            "thumburl": "./images/thumb/The City of the Future.jpg",
            "title": "The City of the Future",
            "shortnews": "A mix of digital and physical speakers came together in Gothenburg and online to talk about how we can make cities better.",
            "datetime": "9 December 2021",
            "link": "new-19",
            "content": "Slider 1"
        },
        {
            "thumburl": "./images/thumb/The City of the Future.jpg",
            "title": "The City of the Future",
            "shortnews": "A mix of digital and physical speakers came together in Gothenburg and online to talk about how we can make cities better.",
            "datetime": "9 December 2021",
            "link": "new-20",
            "content": "Slider 1"
        }
    ]
}